InstructorID,FirstName,LastName,SupervisorID,InstructorStartDate,InstructorResignDate,Username,Password
4,Atif,Hamdy,1,13/06/2016,,mmcilwraith3,jpiborn3
5,Boulos,Barakat,7,18/08/2014,,zwessing4,mlinning4
6,Fahd,Moaaz,5,15/09/2015,,rpadbery5,gbroseman5
7,Nahla,Gomaa,16,04/09/2015,,zmatteuzzi6,smcintosh6
8,Aziza,Faiz,10,22/10/2014,,sdaguanno7,cdrewett7
9,Dareen,Azimullah,8,08/05/2014,,ltinklin8,amylchreest8
10,Ashraf,Nour,18,15/12/2014,,sdrewes9,thaly9
11,Salah,Faheem,9,03/10/2015,,aosullivana,aoggera
12,Alaa,Mohamed,13,29/03/2016,,fkenratb,lyeabsleyb
13,Aqeel,Salah,14,22/03/2016,,sarnisonc,sclymerc
14,Badr,David,17,19/02/2015,,sfearnleyd,bronaghand
15,Feyrouz,Saeed,20,13/10/2016,,jluciane,wstonehousee
16,Ashour,Darwish,2,14/07/2015,,aewensonf,rlampittf
17,Sabry,Sabry,1,17/01/2016,,bridolfig,ascamelg
18,Lana,Bilal,17,23/08/2016,,kgoulleeh,gpadillah
19,Afaf,Ziad,17,18/07/2016,,ebartosiki,jfishi
20,Aqeel,Bahaa,10,01/03/2014,,becclesj,hdominickj
21,Lana,Halim,2,07/11/2016,,cfearnk,dmaragesk
22,Asma,Othman,7,10/09/2015,,mstuchberryl,caronowl
23,Moaaz,Fahmi,4,07/08/2015,,bugolottim,pbarthrupm
24,Boutros,Helmy,2,08/06/2016,29/12/2022,jshillingn,cantonellin
25,Maya,Faisal,1,23/09/2015,,twreno,dmckirdyo
26,Asad,Burhan,4,04/01/2015,,etonepohlp,cgreggorp
27,Anas,Aziz,14,26/03/2015,13/11/2022,hwaleworkq,twelbrockq
28,Lamia,Abbas,5,16/03/2016,,csneadr,sleppingtonr
29,Aisha,Magdy,14,06/09/2015,05/09/2022,bclaytons,ecavaneys
30,Nafisa,Sabry,16,28/04/2016,,mbenget,hwimlett
31,Barkatullah,Basri,19,05/08/2016,21/09/2021,gworthingu,kpetrovskyu
32,Jamila,Magdy,11,04/11/2016,,amcphatev,jteapev
33,Hamdy,Zaki,19,18/03/2014,11/01/2020,kchalcraftw,lagatesw
34,Besma,Anwar,9,24/10/2016,,hgavaghanx,lrohlfingx
35,Hamida,Sabry,3,21/07/2016,,cewellsy,sbarttrumy
36,Ahmed,Ashour,14,22/11/2016,,crambautz,jdurningz
37,Nafisa,Aly,4,28/12/2016,,agiovanitti10,msheffield10
38,Maha,Abbas,6,14/11/2015,,rdafforne11,tgregorio11
39,Boutheina,Barkatullah,16,27/04/2014,,bkellard12,iyurevich12
40,Barkatullah,Islam,7,12/02/2016,10/10/2016,qcowley13,coris13
41,Ashour,Ramy,3,03/06/2016,,dmellon14,fpay14
42,Enaas,Farouk,19,07/05/2016,,zadamowitz15,ogever15
43,Ayad,Ayad,14,28/03/2015,,mcarcas16,vfeathersby16
44,Boutheina,Bashar,5,30/06/2016,,dgoldingay17,wmuskett17
45,Najat,Barkatullah,8,09/09/2016,,ccorsar18,elambeth18
46,Afaf,Fadel,19,15/06/2014,23/07/2022,mbillion19,dfinlaison19
47,Awad,Mansour,19,04/11/2014,,semer1a,mheintze1a
48,Asil,Asil,9,16/09/2014,,oscrane1b,emussilli1b
49,Maya,Badr,4,24/09/2015,05/03/2022,gfleckney1c,ablonden1c
50,Ayad,Fahri,1,11/03/2016,,gwinfindale1d,hbaxendale1d
51,Maha,Badr,16,05/04/2015,,lpetrushka1e,cianetti1e
52,Nahla,Burhan,10,18/01/2017,,hbuckam1f,pkloster1f
53,Baha,Anas,11,23/03/2014,,alegall1g,jauchterlony1g
54,Shrouk,Nour,5,18/10/2015,05/06/2019,jlindstedt1h,sjeandillou1h
55,Ashraf,Azimullah,13,16/02/2016,,bballston1i,ydeyenhardt1i
56,Saher,Bilal,12,27/12/2015,,sgosz1j,bballaam1j
57,Nour,Badr,18,16/11/2015,,csickling1k,hoylett1k
58,Naila,Baha,11,22/10/2015,,lmawman1l,vharberer1l
59,Nadine,Azmi,20,17/12/2016,01/12/2019,esidery1m,kshepherdson1m
60,Leila,Bashir,13,09/11/2015,,kalger1n,peadington1n
61,Baha,Magdy,5,11/10/2015,,kzoephel1o,cmordon1o
62,Nour,Moaaz,8,24/10/2015,,hmckimmey1p,darbon1p
63,Bashar,Bilal,19,22/02/2016,,kbarrs1q,erigg1q
64,Nada,Ashour,8,06/12/2015,,sspykings1r,nmcconigal1r
65,Hafsa,Abbas,18,11/01/2016,,waxtell1s,kshufflebotham1s
66,David,Ramadan,8,19/08/2016,,cperes1t,gcaught1t
67,Bakir,Hamdy,7,19/01/2017,05/07/2021,bdudmarsh1u,pghest1u
68,Helmy,Baha,10,14/06/2015,,vpawlett1v,kjose1v
69,Ashour,Aziz,14,19/09/2014,,cmardy1w,dferreri1w
70,Alaa,Ashraf,10,16/06/2014,08/01/2022,vmara1x,dcozby1x
71,Ayad,Azizullah,5,27/04/2015,,elippitt1y,hbestiman1y
72,Enaas,Awad,1,15/08/2016,,mtorfin1z,kmasurel1z
73,Ibrahim,Nour,19,22/10/2016,29/06/2020,igrebert20,creilinger20
74,Aya,Ataullah,8,30/11/2014,,maucourte21,crudolfer21
75,Maya,Ashraf,4,14/05/2015,,ewolters22,kbeals22
76,Ataullah,Bakr,2,27/02/2014,,kdicker23,omannie23
77,Jena,Ashour,6,14/01/2015,,siacopetti24,asolland24
78,Halima,Faisal,2,10/10/2016,,pglaum25,gcorish25
79,Doaa,Allam,9,11/08/2016,,sdirkin26,jakam26
80,Besma,Samer,18,22/07/2015,30/10/2019,bfigg27,crichten27
81,Ayad,Bashir,11,04/08/2014,,sgrob28,ffrancillo28
82,Enaas,Sabry,13,08/06/2014,,mbarkes29,wchasson29
83,Bashar,Asem,9,24/07/2014,,rfellgett2a,dallard2a
84,Huda,Anwar,2,18/05/2014,,cfrankel2b,rleethem2b
85,Mai,Barkat,12,25/10/2014,,mmarfield2c,hklagges2c
86,Gomaa,Azmi,3,18/03/2014,,jfrayne2d,schazelle2d
87,Barakat,Nour,2,12/04/2016,14/01/2017,bcarling2e,jmarciek2e
88,Azizullah,Barkatullah,18,28/10/2016,,lvanhalle2f,helsy2f
89,Islam,Baha,19,02/03/2014,,ltrude2g,ddovydenas2g
90,Barkatullah,Gomaa,3,14/03/2015,,tsartain2h,olocarno2h
91,Said,Boutros,19,01/12/2016,,vcino2i,awhitchurch2i
92,Aqeel,Mina,18,19/07/2014,,dmcquode2j,blamswood2j
93,Nawal,Bashar,4,18/03/2015,,rkingdom2k,shadlee2k
94,Asadullah,Othman,17,17/07/2014,30/11/2018,obartle2l,mcarpmile2l
95,Anwar,Barkatullah,14,08/03/2015,,gtigner2m,sstaddom2m
96,Jamila,Ataullah,20,20/10/2014,,hdivell2n,winsole2n
97,Aisha,Barkatullah,1,30/10/2016,,mnoone2o,mcay2o
98,Ayman,Allam,9,01/02/2015,,srobertshaw2p,mjeffray2p
99,Feyrouz,Mina,19,02/02/2017,,kwinterson2q,kstokes2q
100,Anas,Asghar,8,05/02/2017,01/10/2018,csillwood2r,rgisbourn2r
101,Mirna,Boulos,17,18/04/2016,,npentycost2s,acordeau2s
102,Shrouk,Boulos,20,15/08/2016,,afaithorn2t,rbrougham2t
103,Chaima,Aly,15,02/04/2016,,jodegaard2u,bsuch2u
104,Azeem,Ayub,14,17/05/2015,,ekemer2v,sbasil2v
105,Salah,Helmy,18,17/12/2014,14/05/2017,jlynas2w,lmuschette2w
106,Ramy,Ashraf,2,02/04/2016,,wmackain2x,dshiels2x
107,Halima,Hamdy,2,14/09/2014,,kkerner2y,mfasse2y
108,Ahmed,Fadel,17,21/05/2014,,cinman2z,agummer2z
109,Hamida,Baha,13,20/06/2015,,noldland30,fantonnikov30
110,Sara,Mina,12,29/04/2014,12/05/2021,emattiazzi31,cdanbye31
111,Aziza,Bashir,5,08/04/2016,,enertney32,cbuckbee32
112,Sabry,Faisal,10,31/03/2014,,ttinston33,dcatherick33
113,Lana,Samer,19,24/03/2014,,nlinnell34,rlemerle34
114,Asma,Islam,20,08/07/2016,,ccrux35,rrabjohn35
115,Hana,Anis,14,03/12/2014,,jsterte36,ebesantie36
116,Lamia,Ibrahim,4,28/05/2016,,vhannum37,cbeushaw37
117,Bakir,Barkatullah,5,09/12/2015,27/02/2018,kfobidge38,iscrewton38
118,Zaki,Barakat,15,19/04/2015,,acanepe39,wtrathen39
119,Barkatullah,Magdy,6,21/04/2014,,wdrane3a,oshanley3a
120,Saher,Islam,2,07/12/2014,,ahryniewicki3b,bdoerr3b
121,Basri,Helmy,7,03/02/2017,,fkaines3c,mmartusewicz3c
122,Maya,Asad,4,07/04/2016,,ggiorgietto3d,fbrandin3d
123,Jana,Asem,20,22/05/2014,,vnorgate3e,ekewish3e
124,Aisha,Asem,10,06/09/2014,,zcoatham3f,tusher3f
125,Boutheina,Ayad,4,27/06/2015,,lcorrington3g,lsellor3g
126,Bilal,Bashir,8,10/12/2014,,jheggadon3h,dharnetty3h
127,Anwar,Ashraf,18,20/08/2014,,kprosek3i,tbrokenshaw3i
128,Alaa,Magdy,15,21/02/2014,09/10/2020,odessaur3j,lkennan3j
129,Hafsa,Bahaa,3,12/02/2016,,pconew3k,sdines3k
130,Ziad,Moaaz,3,10/05/2016,,egothrup3l,amaddock3l
131,Doaa,Barakat,4,17/09/2015,,eeronie3m,mdance3m
132,Aisha,Barkatullah,3,11/02/2016,,wtivers3n,lsweatland3n
133,Fahmi,Mansour,10,14/12/2014,,ncarlaw3o,ntopper3o
134,Dalal,Mohamed,3,09/11/2015,,jsprague3p,mbullocke3p
135,Ashraf,Ataullah,7,16/10/2015,,flebell3q,swhitcomb3q
136,Bilal,Islam,12,10/04/2015,,mspeer3r,hdeniske3r
137,Ahmed,Moaaz,6,16/12/2015,,jstannett3s,ckydde3s
138,Atif,Said,11,05/07/2014,10/05/2022,wcuruclis3t,cpetrussi3t
139,Fahri,Barkatullah,7,03/11/2015,,cgartshore3u,fblakeney3u
140,Sabry,Aqeel,15,23/05/2016,,mszach3v,fweatherburn3v
141,Said,Saher,20,30/07/2016,,jstothart3w,dmatzaitis3w
142,Jena,Boulos,13,25/07/2015,,mgwynne3x,kripping3x
143,Jena,Ashour,15,12/10/2016,,sradke3y,kbrunotti3y
144,Sara,Boutros,16,21/04/2014,,mboundey3z,gclelland3z
145,Ayad,Barkatullah,12,09/11/2014,,pbrisseau40,dspratt40
146,Najat,Gomaa,9,04/06/2014,,aivasechko41,mguesford41
147,Magdy,Magdy,9,09/03/2016,,ddragon42,kbeautyman42
148,Ramadan,Azimullah,12,01/05/2016,,hblight43,dspikings43
149,Asma,Azizullah,7,20/05/2014,27/04/2020,clightowlers44,bsherlaw44
150,Faheem,Ayub,8,06/09/2015,,ocollar45,godonohue45
151,Aziz,Refaat,8,09/04/2015,,tfloweth46,rgrundon46
152,Alya,Bakr,8,06/03/2016,08/09/2019,aferier47,gspofford47
153,Marwa,Sabry,20,22/06/2016,,zfritter48,olyburn48
154,Ahmed,Refaat,12,29/07/2016,,smckeachie49,cmcmurty49
155,Fatima,Azmi,10,21/08/2014,,nkenwyn4a,ederks4a
156,Darwish,Mamdouh,17,16/09/2014,,isparshott4b,dmeldon4b
157,Lana,Baha,6,28/02/2015,,cboutell4c,mlaundon4c
158,Madiha,Badr,8,26/01/2017,,etailby4d,tseabourne4d
159,Nawal,Sabry,7,12/06/2015,,cgarmons4e,varendsen4e
160,Latifa,Ramadan,5,11/05/2015,04/04/2022,sfredson4f,nwellen4f
161,Nour,Atif,4,16/10/2015,,gbarlthrop4g,dbiggadike4g
162,Toka,Aziz,15,20/02/2016,,qmetheringham4h,tmasding4h
163,Doaa,Hamdy,11,19/05/2015,,jstenyng4i,rginty4i
164,Anis,Aqeel,4,31/07/2014,,cjedrasik4j,fvarney4j
165,Amira,Islam,17,23/03/2016,,critchings4k,lcrafter4k
166,Hala,Atif,8,04/06/2014,,aswinyard4l,kklemke4l
167,Burhan,Fahri,2,01/04/2015,,acolliard4m,helsom4m
168,Aya,Barkatullah,15,30/07/2016,27/07/2018,mkaveney4n,kdalyell4n
169,Huda,Barakat,9,16/03/2015,,ltoffanelli4o,khickford4o
170,Besma,Asadullah,16,11/04/2014,,ssissons4p,acustard4p
171,Enaas,Asil,12,07/06/2015,,cdillinton4q,cmckane4q
172,Karima,Mamdouh,8,16/08/2015,10/03/2019,kbernardin4r,bjenicke4r
173,Barkatullah,Bahaa,3,20/10/2015,,cdreghorn4s,desome4s
174,Burhan,Asem,15,31/08/2016,,rvarlow4t,nfoyster4t
175,Habiba,Ayman,16,15/07/2016,,ggouinlock4u,lrafe4u
176,Mina,Boulos,19,11/06/2015,,mmacnalley4v,hwastall4v
177,Karima,Barakat,19,08/03/2014,,carnaut4w,vdelia4w
178,Mirna,Awad,5,01/11/2016,,pseak4x,tbremeyer4x
179,Ashour,Aziz,8,02/03/2014,,knowell4y,fpennick4y
180,Asadullah,Mansour,4,25/06/2015,14/08/2019,lnayer4z,abagguley4z
181,Gomaa,Faheem,13,15/12/2015,,ccassar50,mgarwill50
182,Moaaz,Basri,17,13/02/2016,,speasee51,bridsdell51
183,Toka,Anas,15,19/03/2016,,bcoalbran52,dambrogio52
184,Ramy,Barkat,14,16/10/2016,,mcoolican53,sbulcroft53
185,Julia,Asem,1,19/04/2016,02/12/2022,hbenson54,kbarhem54
186,Allam,Azizullah,18,27/07/2016,,zdunkley55,pbelsher55
187,Chaima,Said,18,04/11/2015,,vverey56,pbeacroft56
188,Marwa,Othman,6,18/03/2016,,gsaurin57,sgolsworthy57
189,Alya,Asil,13,28/02/2014,,jotowey58,njereatt58
190,Aly,Farouk,15,04/08/2016,,bramelet59,mgrocock59
191,Asma,Darwish,5,02/08/2014,,nmquharge5a,claunder5a
192,Hala,Azimullah,17,22/06/2014,,dbutterwick5b,bcanny5b
193,Ramadan,Faheem,15,08/10/2014,,ddanovich5c,hhuguet5c
194,Sarah,Badr,4,19/01/2015,,tbiasotti5d,ccreagh5d
195,Dalal,Refaat,10,26/12/2014,,ptitcombe5e,mbeere5e
196,Dalal,Ashour,7,12/12/2014,26/06/2022,dheilds5f,scuncarr5f
197,Hamida,Ashour,12,16/10/2015,,vcarous5g,vdrinan5g
198,Mina,Said,3,24/10/2016,,eeckly5h,dvodden5h
199,Chaima,Faheem,3,14/11/2016,,bbestman5i,mgammie5i
200,Allam,Ashour,2,08/11/2016,,bbestm,mgammi
